UserID,FullName,UserProfile,StartDate,StartTime
8345183,Morley Renny,82,04/04/2022,22:25:36.000
6555030,Morley Renny,21,18/02/2022,19:27:31.000
9687179,Morley Renny,45,21/05/2022,20:11:40.000
1970993,Morley Renny,24,25/06/2022,22:28:39.000
7522668,Morley Renny,25,10/02/2023,21:23:23.000
2696799,Morley Renny,45,27/06/2022,20:15:30.000
7066895,Morley Renny,45,26/02/2022,20:38:58.000
8345183,Genevieve Healy,82,19/04/2022,19:25:56.000
6555030,Genevieve Healy,21,16/06/2022,21:42:35.000
9687179,Genevieve Healy,45,19/04/2022,21:39:05.000
1970993,Genevieve Healy,24,16/10/2022,20:53:01.000
7522668,Genevieve Healy,25,22/05/2022,21:37:04.000
2696799,Genevieve Healy,45,26/12/2022,19:02:51.000
7066895,Genevieve Healy,45,03/03/2022,22:03:10.000
8345183,Amandie Semper,82,17/03/2022,20:39:03.000
6555030,Amandie Semper,21,25/11/2022,22:25:20.000
9687179,Amandie Semper,45,06/04/2022,19:38:16.000
1970993,Amandie Semper,24,14/08/2022,19:07:25.000
7522668,Amandie Semper,25,22/06/2022,21:05:19.000
2696799,Amandie Semper,45,21/06/2022,20:41:46.000
7066895,Amandie Semper,45,27/03/2022,22:07:48.000
8345183,Dill Reap,82,12/10/2022,19:40:44.000
6555030,Dill Reap,21,08/05/2022,22:26:48.000
9687179,Dill Reap,45,03/06/2022,20:07:36.000
1970993,Dill Reap,24,01/07/2022,20:50:32.000
7522668,Dill Reap,25,29/08/2022,19:48:51.000
2696799,Dill Reap,45,08/04/2022,21:26:21.000
7066895,Dill Reap,45,24/04/2022,22:20:27.000
8345183,Lev Jirasek,82,18/09/2022,19:08:37.000
6555030,Lev Jirasek,21,27/11/2022,20:51:26.000
9687179,Lev Jirasek,45,05/12/2022,20:09:55.000
1970993,Lev Jirasek,24,28/05/2022,19:31:56.000
7522668,Lev Jirasek,25,19/06/2022,20:29:33.000
2696799,Lev Jirasek,45,13/06/2022,21:40:37.000
7066895,Lev Jirasek,45,18/06/2022,20:40:56.000
